[
    {
        "name": "Inception",
        "description": "A skilled thief, the absolute best in the dangerous art of extraction, stealing valuable secrets from deep within the subconscious during the dream state.",
        "duration": 148,
        "ratings": 8.8,
        "totalRatings": 2100000,
        "releaseYear": 2010,
        "releaseDate": "2010-07-16",
        "genres": ["Action", "Adventure", "Sci-Fi"],
        "directors": ["Christopher Nolan"],
        "coverImage": "inception.jpg",
        "actors": ["Leonardo DiCaprio", "Joseph Gordon-Levitt", "Elliot Page"],
        "price": 20
    },
    {
        "name": "The Shawshank Redemption",
        "description": "Two imprisoned men bond over a number of years, finding solace and eventual redemption through acts of common decency.",
        "duration": 142,
        "ratings": 9.3,
        "totalRatings": 2300000,
        "releaseYear": 1994,
        "releaseDate": "1994-09-23",
        "genres": ["Drama"],
        "directors": ["Frank Darabont"],
        "coverImage": "shawshank_redemption.jpg",
        "actors": ["Tim Robbins", "Morgan Freeman", "Bob Gunton"],
        "price": 15
    },
    {
        "name": "The Godfather",
        "description": "The aging patriarch of an organized crime dynasty transfers control of his clandestine empire to his reluctant son.",
        "duration": 175,
        "ratings": 9.2,
        "totalRatings": 1600000,
        "releaseYear": 1972,
        "releaseDate": "1972-03-24",
        "genres": ["Crime", "Drama"],
        "directors": ["Francis Ford Coppola"],
        "coverImage": "godfather.jpg",
        "actors": ["Marlon Brando", "Al Pacino", "James Caan"],
        "price": 25
    },
    {
        "name": "The Dark Knight",
        "description": "When the menace known as the Joker emerges from his mysterious past, he wreaks havoc and chaos on the people of Gotham.",
        "duration": 152,
        "ratings": 9.0,
        "totalRatings": 2300000,
        "releaseYear": 2008,
        "releaseDate": "2008-07-18",
        "genres": ["Action", "Crime", "Drama"],
        "directors": ["Christopher Nolan"],
        "coverImage": "dark_knight.jpg",
        "actors": ["Christian Bale", "Heath Ledger", "Aaron Eckhart"],
        "price": 20
    },
    {
        "name": "Pulp Fiction",
        "description": "The lives of two mob hitmen, a boxer, a gangster's wife, and a pair of diner bandits intertwine in four tales of violence and redemption.",
        "duration": 154,
        "ratings": 8.9,
        "totalRatings": 1800000,
        "releaseYear": 1994,
        "releaseDate": "1994-10-14",
        "genres": ["Crime", "Drama"],
        "directors": ["Quentin Tarantino"],
        "coverImage": "pulp_fiction.jpg",
        "actors": ["John Travolta", "Uma Thurman", "Samuel L. Jackson"],
        "price": 15
    },
    {
        "name": "Forrest Gump",
        "description": "The presidencies of Kennedy and Johnson, the events of Vietnam, the Watergate scandal and other historical events unfold from the perspective of an Alabama man with an IQ of 75.",
        "duration": 142,
        "ratings": 8.8,
        "totalRatings": 1900000,
        "releaseYear": 1994,
        "releaseDate": "1994-07-06",
        "genres": ["Drama", "Romance"],
        "directors": ["Robert Zemeckis"],
        "coverImage": "forrest_gump.jpg",
        "actors": ["Tom Hanks", "Robin Wright", "Gary Sinise"],
        "price": 15
    },
    {
        "name": "The Matrix",
        "description": "A computer hacker learns from mysterious rebels about the true nature of his reality and his role in the war against its controllers.",
        "duration": 136,
        "ratings": 8.7,
        "totalRatings": 1300000,
        "releaseYear": 1999,
        "releaseDate": "1999-03-31",
        "genres": ["Action", "Sci-Fi"],
        "directors": ["Lana Wachowski", "Lilly Wachowski"],
        "coverImage": "matrix.jpg",
        "actors": ["Keanu Reeves", "Laurence Fishburne", "Carrie-Anne Moss"],
        "price": 20
    },
    {
        "name": "Fight Club",
        "description": "An insomniac office worker, looking for a way to change his life, crosses paths with a devil-may-care soap maker, forming an underground fight club that evolves into something much more.",
        "duration": 139,
        "ratings": 8.8,
        "totalRatings": 1300000,
        "releaseYear": 1999,
        "releaseDate": "1999-10-15",
        "genres": ["Drama"],
        "directors": ["David Fincher"],
        "coverImage": "fight_club.jpg",
        "actors": ["Brad Pitt", "Edward Norton", "Helena Bonham Carter"],
        "price": 20
    },
    {
        "name": "The Lord of the Rings: The Return of the King",
        "description": "Gandalf and Aragorn lead the World of Men against Sauron's army to draw his gaze from Frodo and Sam as they approach Mount Doom with the One Ring.",
        "duration": 201,
        "ratings": 8.9,
        "totalRatings": 1600000,
        "releaseYear": 2003,
        "releaseDate": "2003-12-17",
        "genres": ["Action", "Adventure", "Drama"],
        "directors": ["Peter Jackson"],
        "coverImage": "return_of_the_king.jpg",
        "actors": ["Elijah Wood", "Viggo Mortensen", "Orlando Bloom"],
        "price": 25
    },
    {
        "name": "Gladiator",
        "description": "A former Roman General sets out to exact vengeance against the corrupt emperor who murdered his family and sent him into slavery.",
        "duration": 155,
        "ratings": 8.5,
        "totalRatings": 1200000,
        "releaseYear": 2000,
        "releaseDate": "2000-05-05",
        "genres": ["Action", "Adventure", "Drama"],
        "directors": ["Ridley Scott"],
        "coverImage": "gladiator.jpg",
        "actors": ["Russell Crowe", "Joaquin Phoenix", "Connie Nielsen"],
        "price": 20
    },
    {
        "name": "Interstellar",
        "description": "A team of explorers travel through a wormhole in space in an attempt to ensure humanity's survival.",
        "duration": 169,
        "ratings": 8.6,
        "totalRatings": 800000,
        "releaseYear": 2014,
        "releaseDate": "2014-11-07",
        "genres": ["Adventure", "Drama", "Sci-Fi"],
        "directors": ["Christopher Nolan"],
        "coverImage": "interstellar.jpg",
        "actors": ["Matthew McConaughey", "Anne Hathaway", "Jessica Chastain"],
        "price": 20
    },
    {
        "name": "The Lion King",
        "description": "Lion cub and future king Simba searches for his identity. His eagerness to please others and penchant for testing his boundaries sometimes gets him into trouble.",
        "duration": 88,
        "ratings": 8.5,
        "totalRatings": 1100000,
        "releaseYear": 1994,
        "releaseDate": "1994-06-24",
        "genres": ["Animation", "Adventure", "Drama"],
        "directors": ["Roger Allers", "Rob Minkoff"],
        "coverImage": "lion_king.jpg",
        "actors": ["Matthew Broderick", "Jeremy Irons", "James Earl Jones"],
        "price": 15
    },
    {
        "name": "Jaws",
        "description": "A giant great white shark terrorizes the small island town of Amity, prompting a hunt for the beast by a local sheriff, a marine biologist, and a professional shark hunter.",
        "duration": 124,
        "ratings": 8.0,
        "totalRatings": 700000,
        "releaseYear": 1975,
        "releaseDate": "1975-06-20",
        "genres": ["Adventure", "Drama", "Thriller"],
        "directors": ["Steven Spielberg"],
        "coverImage": "jaws.jpg",
        "actors": ["Roy Scheider", "Robert Shaw", "Richard Dreyfuss"],
        "price": 15
    },
    {
        "name": "Back to the Future",
        "description": "A teenager is accidentally sent 30 years into the past in a time-traveling DeLorean invented by his close friend, Doc Brown.",
        "duration": 116,
        "ratings": 8.5,
        "totalRatings": 950000,
        "releaseYear": 1985,
        "releaseDate": "1985-07-03",
        "genres": ["Adventure", "Comedy", "Sci-Fi"],
        "directors": ["Robert Zemeckis"],
        "coverImage": "back_to_the_future.jpg",
        "actors": ["Michael J. Fox", "Christopher Lloyd", "Lea Thompson"],
        "price": 20
    },
    {
        "name": "Jurassic Park",
        "description": "During a preview tour, a theme park suffers a major power breakdown that allows its cloned dinosaur exhibits to run amok.",
        "duration": 127,
        "ratings": 8.1,
        "totalRatings": 950000,
        "releaseYear": 1993,
        "releaseDate": "1993-06-11",
        "genres": ["Adventure", "Sci-Fi"],
        "directors": ["Steven Spielberg"],
        "coverImage": "jurassic_park.jpg",
        "actors": ["Sam Neill", "Laura Dern", "Jeff Goldblum"],
        "price": 20
    },
    {
        "name": "The Departed",
        "description": "An undercover cop and a mole in the police attempt to identify each other while infiltrating an Irish gang in Boston.",
        "duration": 151,
        "ratings": 8.5,
        "totalRatings": 600000,
        "releaseYear": 2006,
        "releaseDate": "2006-10-06",
        "genres": ["Crime", "Drama", "Thriller"],
        "directors": ["Martin Scorsese"],
        "coverImage": "departed.jpg",
        "actors": ["Leonardo DiCaprio", "Matt Damon", "Jack Nicholson"],
        "price": 20
    },
    {
        "name": "The Silence of the Lambs",
        "description": "A young FBI cadet must confide in an incarcerated and manipulative killer to receive his help on catching another serial killer who skins his victims.",
        "duration": 118,
        "ratings": 8.6,
        "totalRatings": 1000000,
        "releaseYear": 1991,
        "releaseDate": "1991-02-14",
        "genres": ["Crime", "Drama", "Thriller"],
        "directors": ["Jonathan Demme"],
        "coverImage": "silence_of_the_lambs.jpg",
        "actors": ["Jodie Foster", "Anthony Hopkins", "Lawrence A. Bonney"],
        "price": 15
    },
    {
        "name": "Saving Private Ryan",
        "description": "Following the Normandy landings, a group of U.S. soldiers go behind enemy lines to retrieve a paratrooper whose brothers have been killed in action.",
        "duration": 169,
        "ratings": 8.6,
        "totalRatings": 1200000,
        "releaseYear": 1998,
        "releaseDate": "1998-07-24",
        "genres": ["Drama", "War"],
        "directors": ["Steven Spielberg"],
        "coverImage": "saving_private_ryan.jpg",
        "actors": ["Tom Hanks", "Matt Damon", "Tom Sizemore"],
        "price": 20
    },
    {
        "name": "The Usual Suspects",
        "description": "A small-time con man who is under police interrogation tells an incredible story about a heist gone wrong and a mysterious figure known as Keyser Söze.",
        "duration": 106,
        "ratings": 8.5,
        "totalRatings": 800000,
        "releaseYear": 1995,
        "releaseDate": "1995-08-16",
        "genres": ["Crime", "Drama", "Mystery"],
        "directors": ["Bryan Singer"],
        "coverImage": "usual_suspects.jpg",
        "actors": ["Kevin Spacey", "Gabriel Byrne", "Chazz Palminteri"],
        "price": 15
    },
    {
        "name": "The Grand Budapest Hotel",
        "description": "A hotel concierge and his protégé become involved in the theft of a priceless Renaissance painting and the battle for an enormous family fortune.",
        "duration": 99,
        "ratings": 8.1,
        "totalRatings": 300000,
        "releaseYear": 2014,
        "releaseDate": "2014-03-28",
        "genres": ["Adventure", "Comedy", "Crime"],
        "directors": ["Wes Anderson"],
        "coverImage": "grand_budapest_hotel.jpg",
        "actors": ["Ralph Fiennes", "F. Murray Abraham", "Mathieu Amalric"],
        "price": 15
    },
    {
        "name": "Mad Max: Fury Road",
        "description": "In a post-apocalyptic wasteland, Max teams up with Furiosa to escape a tyrant and his army in a high-octane chase across the desert.",
        "duration": 120,
        "ratings": 8.1,
        "totalRatings": 700000,
        "releaseYear": 2015,
        "releaseDate": "2015-05-15",
        "genres": ["Action", "Adventure"],
        "directors": ["George Miller"],
        "coverImage": "mad_max_fury_road.jpg",
        "actors": ["Tom Hardy", "Charlize Theron", "Nicholas Hoult"],
        "price": 20
    },
    {
        "name": "The Revenant",
        "description": "A frontiersman on a quest for survival and vengeance after being left for dead by members of his own hunting team.",
        "duration": 156,
        "ratings": 8.0,
        "totalRatings": 600000,
        "releaseYear": 2015,
        "releaseDate": "2015-12-25",
        "genres": ["Action", "Adventure", "Drama"],
        "directors": ["Alejandro G. Iñárritu"],
        "coverImage": "revenant.jpg",
        "actors": ["Leonardo DiCaprio", "Tom Hardy", "Domhnall Gleeson"],
        "price": 20
    },
    {
        "name": "The Wolf of Wall Street",
        "description": "Based on the true story of Jordan Belfort, from his rise to a wealthy stockbroker living the high life to his fall involving crime, corruption, and the federal government.",
        "duration": 180,
        "ratings": 8.2,
        "totalRatings": 700000,
        "releaseYear": 2013,
        "releaseDate": "2013-12-25",
        "genres": ["Biography", "Comedy", "Drama"],
        "directors": ["Martin Scorsese"],
        "coverImage": "wolf_of_wall_street.jpg",
        "actors": ["Leonardo DiCaprio", "Jonah Hill", "Margot Robbie"],
        "price": 20
    }
]
